ID,X1,X2,X3,X4,X5,X6,X7,X8,X9,X10,X11,X12,Target
0,0.7312098145333988,1.2628176615782696,0.7497181678792874,0.3827785918714343,0.9174837090396888,-2.106189006567107,-0.730587621940026,0.31029779869274265,0.5807351541783675,-1.1818998289669853,1.4566495008880462,-0.5510560735390484,64.62395243459798
1,-0.08506443323646345,1.0124379530820182,0.18252175988846014,0.1419518587835777,-0.08464742394496957,-0.1436196524251913,-1.4779976980075908,-0.7544541962344582,-0.44103532917587346,0.41842306112933375,1.129368141771923,1.6898578646575753,-58.65752332705336
2,-0.28809115088407244,0.13078986452639585,0.7587307476389547,-0.9636762976798384,-0.8825729077166776,-0.25270709858753093,-0.7341303428104247,-0.30763601342782054,1.0247392651123737,0.15298457606179267,-1.1661395659613043,0.41039256080063563,-16.153544489724368
3,-0.2041236331188341,0.5336483116272492,-1.2538380629466415,-0.4666826738942333,1.2987805336415963,0.35691656391352156,-0.6488739258221502,0.757276364615706,-0.0010997941750400513,-0.11875737816915198,-1.059653066172424,0.9550157749018758,35.441155536325375
4,-0.7876302349464742,-1.170716059291622,-0.5074948228207574,0.10936403116160037,0.2601214444714157,-0.6838412281977485,-0.01020414394386643,-1.5582614403721031,2.312235381423154,0.8584531597142097,1.3678365658274287,0.2162366095092257,137.96186287419917
5,0.6487523128904475,-1.0298022146402335,0.046530463749460266,-1.2491452150367612,0.9348129320517005,-0.07628078105876857,-1.0937228459689479,-0.29687530476499585,0.15355937111868576,-1.6557075689574827,1.8739422559724908,-1.4063261482230893,51.9482637640639
6,0.2473074194006484,1.4357758903351483,0.5914672830551613,-0.722352219723145,-0.7976049727428001,-1.1264497780013005,0.03963693050746824,-0.8592568596404939,0.9523549574296237,-0.8914657095632703,-0.524110492665658,0.5988917945110054,-7.354199047716112
7,-1.23685976465899,-1.39848958757422,0.1061795448266569,1.662061163435526,-0.63235659296167,-0.7369481114917301,-1.5707584310157678,0.49713054639665655,0.4387683834755792,-0.30064096537346097,0.6265143558000588,-1.127257272303948,-61.232176741075726
8,0.9264920223020204,-0.4129576437424345,1.040811982668814,1.915325940642303,0.008034312505003752,-0.8289690495977489,-0.09067533657272656,-0.6213555229501296,0.7396639979375342,-0.23601368019165184,0.9047834443645479,1.1193525907425594,185.84238387912046
9,1.545417654360408,-0.3667589563634244,-0.46215706171013465,0.09071240244515744,0.7632311800335068,1.466888968095522,-0.32967505016775267,-0.5826625329487837,0.4037046692485906,0.7992011380910832,0.46178006577071073,-0.6565740282517263,276.8584036650304
10,0.7064366983114514,-0.3484057135742633,0.926822291775682,0.655946897325823,0.3667989331397853,-0.5124426197633919,-0.048062690525915025,0.7433855696433376,-0.42948449959885615,-0.8045461935228403,0.7690822304309715,0.08525955838414864,34.59436873775745
11,0.33565717280072954,1.704502835280959,-0.3272993632238065,-0.11594592918950034,0.9788459223755824,0.07633967314181779,0.31059694174229285,-0.0158786506244814,-0.07368880504554437,-0.886383812267462,0.8882391578787484,-0.5844679310644331,62.47061038295007
12,-0.5762677751063917,-0.9999865522188405,-1.1992695851198343,-0.6600407156456707,-0.8826880908613125,0.7612846361118187,-0.3146484107130539,0.620989455726221,-0.5790863960846118,1.4008327192204588,-0.4859514854547102,-0.6544359448711757,-131.59291280601124
13,-0.33212731744967594,0.7420488917108966,-1.5237011793274264,-2.6050968689844725,-1.7472696409972095,-0.9002329064905599,-0.5241528403483503,-1.5764852252265031,0.3244937712791994,-0.5889558363863914,-0.3070197475905039,0.6134445561261169,-222.66113301328903
14,0.43537124952597095,0.28439585629687814,0.14223272522495636,1.5171906985641417,0.5956689828257777,0.8785050266748601,1.9841172296670904,1.3248569193432034,1.0859413290197766,-0.13544998647226142,1.620847055748016,-0.08516900329156887,276.2414621526248
15,-0.30974149308873267,-0.10213962860997539,0.6632013997961644,-0.7303235609936716,-0.46418663247759273,-0.6673269164173637,-1.4794155607077346,1.4422882460424387,-0.9792005960674679,-1.0332246893031762,0.21782866051363178,2.0270896018630666,-206.5022672038198
16,1.4633793631582914,0.28134739348442805,0.4377095809541919,1.0478327433915573,1.0542627122087707,0.1346292769371653,-0.16341466739110427,0.5248368935642898,-0.4024219426771649,-0.013748771805465751,-1.7327368209522844,-0.8627649191425947,176.89618418188968
17,-0.7868708977800086,-0.7660196249470507,0.09945072393253887,-0.4246159779687852,0.15782500146363398,0.6910158029576756,0.41573975524557893,0.23886711247180595,-0.1749458511849289,0.32861317325139416,-1.8882859586403506,1.6195985763300047,-58.18520808828985
18,-0.7640090257978487,1.174828731510865,1.9220836333130493,1.566272351901403,1.3609931633419587,-0.19106462277569145,0.30958037303608404,-0.7423112635470717,1.9008083366699287,-0.408072909455267,-2.9003344511042237,2.4599076876576857,230.18321237140944
19,-0.9960632027237369,1.5185202865315421,0.6053770053187958,1.194695296540321,-1.3943849872190908,-0.5192920498268183,-0.31750411027523023,-1.3162886209305165,0.5299353000934556,1.4716673411659071,-0.5909398875662809,-0.8954975492358962,-68.75066104099781
20,-1.2992820876926168,-0.4434920047889934,0.3925845251792788,1.152542991175334,2.1446594472600276,-0.29717448248938333,1.5402694192535626,0.8515034171171221,-1.1815615197763654,-0.0943524544593521,1.6440487677212,0.013695426033598527,-96.2378809119074
21,0.31356088643020585,2.130162864511252,-0.024843313346347484,1.2644870884534176,0.2056000209615322,0.027460256975465513,3.34854813654987,0.4474202036695853,0.9457070527962098,-1.4188940555899092,1.2950739812443066,0.5003403896279348,186.77282604408651
22,-0.4486475284166482,0.27657613727180663,-0.9372313190186616,-1.559207332381192,-0.9605386458247092,-0.09542926199640075,-1.8434053470470737,0.4079590126291048,0.5970374040486373,-1.3908852988562816,-0.6928952403206919,-0.17108921804038468,-93.32808637505845
23,0.9798346520926315,0.8751442482971136,0.20930297917698973,-0.5928039248432617,0.6802991140527749,0.45342578014657364,1.3427458843605204,-0.9216700769351014,0.06897077696659355,-0.1564978408433412,0.9244947126505083,1.1000614570582674,119.86086711224361
24,-0.15873156166113084,-0.17256831899409594,-0.6277448879100294,-0.08672063321191611,-0.23654564212018495,-0.2020633706160031,0.895703778015944,1.5192974199307256,1.8090401346939136,0.37667064450681526,1.0853552472143981,0.46835489036165395,139.7745147931027
25,0.3503726791772658,-1.3533506654500982,-1.3753709290446603,-1.0355772862057886,0.2671954434202864,-0.08021437683664144,-0.4470764233531071,-1.4800201973226412,0.13683165661252852,-1.0114267095250322,0.04626066250918836,-0.5180034576122742,7.566031511511017
26,0.9188142554621284,-0.8518250314643401,0.6253553874158384,-1.2709660970189718,-0.8619288858663132,-1.8202463003236526,-0.01474922556917944,2.133103906583779,0.06895712238241804,1.1558109404461478,-0.6878394251017494,0.34361667803057633,-95.15661226170133
27,1.403844334174605,1.3928753694136637,1.61678594761288,-0.16870612333718366,-1.896735201243407,2.473284173125198,-0.8898897938301691,0.17171925261291834,1.3105485540199733,-0.6350562164010438,-1.621024930353131,0.08758004439449056,278.03155176837026
28,-0.5967301586241065,0.03776140878867097,-0.002474151886236966,-0.165092673216274,-0.04950641968525819,0.44168564195199056,-0.5587374648054934,-1.0565866308457341,-0.885227859431915,0.2980689639112556,1.0262485314303957,0.7140970108869065,-122.80881441435103
29,-0.302241976250462,1.1193220078588932,1.7081110245888222,0.2786261196507446,2.5458655743835403,1.0772861211724363,0.947016733014254,0.6275984423218173,-2.6549214305476108,-1.2196625043823233,-0.025437837970711925,-1.0677233052228097,-105.11688324773496
30,-0.5076639708097739,-0.06906709006049983,-0.5108143280510798,0.7231462176537179,-0.19079457245109907,0.41385756176464045,0.14576948931520697,0.5883157315522474,-0.08445101655976754,-0.8147937177389967,0.2961856877561545,0.5146288346124819,-9.812586715415096
31,0.3433906478159994,-0.9943837124076018,-0.1378002402224304,-0.8952072163997358,-1.283808583304108,0.49579058277669896,0.19584696537109775,1.1100959488918407,-0.3921677053800896,-1.5761977109775696,0.3233351140873784,0.2989372677695197,-74.70341363504419
32,0.3168395874828617,-1.1501786707302903,-1.7398553260948615,-0.9831838460294917,0.5177845084333815,-0.1583497444657288,-0.4210054023034934,-0.28467980351749417,-0.19291869645717544,-1.1267209797989268,-0.13596730578735805,-1.0680270718512703,-18.092187927338827
33,0.2780865856412869,-0.07262027092309864,-0.2510256252882561,0.38142922281481845,-1.639049539491792,0.7757606493602428,-2.2372735838520854,1.1283481120261896,-0.10262291438667803,-1.8316344245277918,1.0341109484798439,0.9042938452111707,-6.7042254247735915
34,0.45747671137768936,0.27955913215766776,-0.8542633753149214,0.7438055871805864,-0.3426805674850647,0.45675956665771966,-0.8220293527156083,-1.0766935118182845,-1.3138559116466595,-0.17705753254165696,0.4440337186328346,-1.1206445908285791,-51.6466521053294
35,0.25536521490319425,-1.2129389330813836,1.309591965026146,1.784067246725615,0.7612713964599866,-0.13749995353573471,-0.8214738119537696,1.8296575162546087,-0.44203763284954367,0.8598528558104229,0.17261742898679783,-1.2447295832790877,74.58106751196468
36,-0.13920932680948592,-0.2549466684906602,-0.3804238747124462,-0.22252298985798552,-1.0439435652611295,-0.5522959277191479,-0.9834445572453179,0.33188771649413484,1.0330877869011308,0.31313299466403455,0.3759719044803532,-0.5049795060721959,4.813222450640814
37,1.2256557253260667,0.5074055425190385,-0.3080146111023113,0.4252413662535847,0.4242006091893138,-0.349614178850055,-1.0038917372676526,-2.2566423118710524,0.7463882218609059,-1.5190235462755506,-0.48639556507725495,1.1314971967707792,189.93508665591645
38,-0.6078077620267713,1.1337771521694804,-3.2130854061187737,0.07765087430543251,0.2284353826567351,-1.167559711728234,-0.8447077089345096,-0.43815127380557795,-0.837877744449263,0.6912876845422923,0.31611585126866737,-0.692294787174939,-179.50564948379304
39,-0.4025119608593451,0.05612751632884772,-0.9238678513789376,-0.05323113286979136,-0.7035429570868862,-1.0671880066168045,-0.09192395152752096,0.18540991235469162,-0.5243670396406952,-0.5782488862135623,-0.9083781249164731,0.1707005375339652,-169.91537827066512
40,1.0589609647988683,0.6635363502796252,-0.6181374111838496,0.46383550704030846,-0.8257143454865913,0.09962710254685174,-5.0463053051245784e-05,0.1973790649142689,-1.5902763134532587,0.21757043345975202,1.1354333257295652,-1.4923566415985345,-74.88935516489953
41,-0.08389651507674789,1.264422079912262,-0.11029745134170257,-2.0458562449531734,0.1940791363872294,-0.8988159665982024,1.7335794960278663,0.11452844910981488,0.5410235965867979,-0.22363613572555424,-0.6665872135031295,0.04803628304124362,-71.46705378364108
42,0.17099593874701127,0.9569851513827342,-0.7833985098703232,0.015011194161498417,0.13002272335669446,0.8487185943404787,-0.7691470480126289,-2.093504414056554,-0.0022985924248001104,0.6665654743601159,-0.6828819641312494,0.7172534476099728,61.4787022777723
43,-0.42518368547569807,-0.8909947685751207,-0.1387416468768386,0.7878389005533849,-0.8785016177568852,1.2905209495722851,0.10611313780630204,-1.073482521639024,-0.7961446530877377,0.5752000153900334,-0.3132043640285682,0.9438485505873222,-53.87658641067123
44,-3.253854306202109,1.4762588170245048,-0.11479692489306405,-0.9196606529472834,0.7356648736670646,0.6066442855061769,0.017428685577245143,-1.0927322262231725,1.9020199644613676,0.4870665747627714,-0.6839825373724044,-0.7557500942419917,-65.65055184133398
45,-1.0961088569874045,0.2731642262519759,0.31739051433155574,1.8458119602118706,-0.94228567767713,0.06851953373818061,-0.013047922143917137,-0.3254249136282896,0.8806401734740086,0.8594087825938231,-0.5475537109820959,0.6650348126360474,31.074529434134146
46,1.0095648553501875,-0.17561767853246296,0.6104876598717397,2.1654676328236735,-1.2616967714541305,-0.4663824614943213,0.5407867551870574,-0.11840553149698825,0.3546569506823314,-1.105085906632332,0.995861763573889,-1.5873694337146573,131.11595369837138
47,0.10014299930324735,0.027011487348325626,-0.4842973010693942,-2.253717181556653,0.06246583325541112,-0.4003869486931655,-1.0494607596182077,0.8007413795928258,-0.5378053441793301,-1.5888833754475666,-0.47166879460694083,1.2645089827442983,-154.19707202657267
48,0.038627932463596276,-0.6799987421405895,-0.7743131956051531,0.8175174679195507,1.264620803550347,-1.4871697315776273,1.4711995093614563,-1.7181862287579877,-1.3461279950788319,1.0589607765647369,0.6871225232359742,0.5476807666835867,-110.5882027201786
49,-0.9945456616922312,0.20539446519130955,0.829568840799088,1.9281863342114278,0.6285614807166502,-0.7349369211190867,0.8348305946185427,1.5022011903115937,1.2552107110806379,-0.7143291430413887,-1.4713271886131545,1.3254362358413432,106.13571343464638
50,-0.16060706975378733,-1.0079083068024233,0.8502229135758346,-0.36786620881292753,-1.275309907087536,-0.18461494316540178,1.4000727229827736,-0.10556564232673131,-0.5404783716940473,1.1429445006491648,-0.9731953465472204,0.20422170614924423,-140.24823116619132
51,-0.5779035098807348,-0.9400342043195352,0.6657157650993722,-0.41338878552636726,0.8870234813332973,1.5986346063391377,-0.9221317871732554,-1.0823287314481662,0.5743520765337731,-0.19456942305125002,-1.0235361063206105,-1.4111423072356395,105.22958203147124
52,-2.2840239446145767,0.9957017555605124,-0.9125456418323092,0.5242959620107718,-1.7736201489158654,1.076655497548163,1.2830761650023754,-0.22912850335790488,0.9738263283856339,0.27626400531743156,-0.16195953951842143,-0.4527220136191888,-94.28454358077154
53,1.8388453864787226,0.1658565097930733,1.4067964223390244,0.34466779045390405,-0.8209849036501025,1.1419878932834318,0.20393673634459558,0.1161355590680565,-1.8697306097186637,-0.1047386925597453,-0.07149675029509418,0.31790290277913963,11.11874154419462
54,-1.3524955836002839,-0.25926264121906273,-0.03199905033471987,-0.4281138534097867,-1.2656948244566264,-0.44806031766787097,1.1425269787505086,-0.327052942473943,-2.1756090332897156,1.2192997912683239,0.934332618372185,0.7941048359676612,-413.0327783521283
55,1.0332887885870472,-1.8383790153255612,-0.7162459431434025,-0.5570168701563462,-0.1026654050984414,-0.13236133165975586,-0.5850773041590064,0.4997700116250105,0.8854262065098847,-0.4637135490077378,-0.7024448268603616,-0.6792087773918655,136.86424061974412
56,-0.0014275179875689182,0.6476361624615746,1.149973794008606,-0.9388914847889415,1.583478606365886,-0.5953797017192008,0.340504992977129,-0.2959614757609499,-0.751758356349994,0.8835389287533907,0.7664647917044581,-1.7088953939736067,-71.89176934919564
57,0.7057349140277123,-0.3681744001281444,-0.5704415856748227,1.7950914786899599,0.9739580792455445,1.50914781711468,0.1391159207206886,-0.581688390782542,0.14600447334769545,1.0000928572762902,0.26043352360283273,0.021191701716070044,263.264184147156
58,-0.2662797545383997,0.21936290807443173,0.3809353728888369,-0.6122407653911076,-1.6945228027471293,-0.8333559394912252,-0.2854249939037881,-0.9790076821790182,0.06799843415069445,1.103797924859372,0.2781378629579834,-0.8875585983181612,-154.7151709302697
59,-2.17634711098065,1.6481813368084761,-0.06871732899182287,0.6952446959237751,-0.1343340690989175,-1.0466708471263866,0.6566576922061047,-0.15772695041335463,-0.2310143624150238,-0.7569801624398952,0.2217977798208382,0.18189136064358136,-232.6921173229211
60,-0.39428893865356146,-0.22122712115255505,-1.6223574364377997,-0.6942179492670363,-0.8245043116343682,-2.2102991564529875,0.814051148149852,-0.8775483429191132,-1.3730660025303392,0.6162249038718165,2.307654587377991,1.2544084296308817,-336.43319163476565
61,-0.9569630478366828,-2.114174354900687,-1.9622463711591767,0.470909690995291,1.933461901641518,1.2641475982596933,-0.6425263360310647,0.8679554469512043,-0.18153130741556636,-0.8932601207772374,0.06223969255493235,-0.29046806475298637,64.77497220803234
62,-0.8236174863822676,-0.710309600633544,0.5489746906068899,-0.5768363719100674,0.5958701737461208,0.35715729975131216,-1.630824364895488,-1.004808078740126,0.7065148690587325,0.2653346167476204,-0.9951896663377198,-1.4404613769573564,14.896327080575752
63,-0.610860741116834,-1.5729359982574895,0.979698070413674,-1.0979746131948833,0.5131257110954704,0.24073489551931496,0.9320040725509454,0.2635095492742778,1.0830566253481007,-1.3493430498436707,-2.474956744564243,-0.7335515260902632,43.991303333320786
64,1.584894609914087,-1.538883739649595,1.7745743582153206,1.2591026707352806,0.8009864961060023,-0.8106963722852778,0.04991961953472421,-0.4725424268036619,-2.1029662629765307,2.1193607831672345,-0.4628739793836515,0.30300489389629226,-24.687762464260455
65,-1.4771260021272503,3.5513403126358045,0.6060198167306586,0.4073035852459999,0.2397098457465049,0.7460460403685701,0.9962112151661263,0.22475609636415514,1.8736008253843366,-1.093477475724014,-0.8060436792631193,-0.9995699149761906,123.343650668612
66,-1.8571011367525345,2.110510916044642,-0.495462304977808,1.4029354905427938,1.362493232107056,0.6126904020720428,1.8026186938207143,-0.45424094857369307,-0.47390172623069937,-0.6238189796355951,-0.025443388044760852,1.09282759446559,-51.99122876665301
67,1.2320107501643978,-2.5565958046783623,2.2239339626959236,0.37988479487503185,0.34465110551602307,-1.5890541543012253,0.6977704325021721,-0.17375898501094816,-0.6112401860925649,1.3606145108152004,0.6632797624930172,0.7354951074044149,-3.2162493144455557
68,-0.24816916693756577,0.17692172309213106,-1.2773525432081503,-0.9456397779384595,1.5651001333006451,0.1527386025549618,-0.5229969729391872,-0.2584995984680153,-2.4270404045827547,-0.3832536427212855,2.07636517756502,-0.7615290229483855,-219.9607564482504
69,-0.3271869346091375,-1.5194306374975586,-0.11626322028457053,-0.5728048253756572,-1.6948342296607388,-0.28900579062649995,-0.6387476796220758,0.44629697229063786,0.44320058432051007,-0.06606696882070416,-0.4015405636038819,1.0050221191912785,-95.77773033052908
70,0.2493373770356307,0.17364942392760885,-0.7911734183662805,-1.1538460329352416,-0.4809180154758763,0.5343071887049589,0.019493666438454772,-0.7371907356719215,0.46948555785957125,-0.44287174596856843,0.1674595878665465,0.9370073685277894,26.218443624876514
71,0.20106174121312362,0.1780665291196311,0.18068067524734527,-0.5701973106756154,-1.2613069622331552,-0.6023019895659598,-1.1800162001454553,-1.1913446006468784,0.8978816983224677,-1.0639986869883904,0.6039285450324016,0.3435953399515169,-6.82387860640484
72,-0.15242818038209466,0.7086203425448767,-0.4524840278545685,0.1392478850069597,0.5793408575118939,2.560429459438711,-0.9523788352133673,-1.071470406004056,-0.426466766874577,-0.8134705319626132,-0.5616849184066378,-0.11544415425344115,102.59031870606827
73,-0.8390914404885128,0.2884911264200278,-1.7102251607246497,0.9578819781197518,-0.396887208884738,1.998893472134706,-0.20314751237116704,1.1290008426535258,0.009183074174261298,0.21418737418391984,1.4389213234997489,1.7962005758145398,52.25906601348803
74,-1.489133204245198,1.472505120946103,0.02348893957922395,-0.6424993592453584,-0.374601586886677,-0.4002557728758107,0.5135265247458054,-0.5584516692441857,-1.3760179578684095,-0.7482276561006268,2.553533868370908,-0.4566895411835822,-318.2176019704218
75,-2.3792867670304143,-2.9716044418383194,-0.5515329965847756,0.26401241788020674,-0.10035466439401676,-0.902374796678774,1.1407986115008761,0.33889914508300906,-0.7117507331250147,1.8345299366073762,1.4372251849643203,-1.0067698747147513,-304.2488603588047
76,1.3895507439973913,1.7462231744954344,-0.9578251438001062,0.45834548394147606,0.8175862335202161,0.018685086773396656,-0.9271238566998807,0.05785144330477871,-0.9551723457402804,-1.405473329933199,0.12040180001895763,0.9050898268565416,76.72507071787507
77,0.10103671416662706,0.8454721769005576,-0.18124687886933116,1.4515014102362667,-0.2192654348265232,-0.22156677124045407,-0.24989661734702745,0.8724434449138551,1.4158780738849308,0.027169489445466943,0.04517278372483909,0.4441426245598338,182.53752187323997
78,-0.3285019027598057,-0.046948835462773175,-1.2964031551572166,-0.4408008945208893,0.45157497648182593,-0.598594210827203,-0.04286538431683972,2.2040004411310092,0.7364264102451222,-1.5620330217613008,0.11323234758647698,-0.8083574656800662,15.216915707101537
79,0.15871961815951607,-0.9444622553749483,0.3201017892629585,0.06514309525564838,-0.1450402933362523,-0.215728569551493,0.6018743405537302,-1.187041035876996,-0.7458108885247113,-0.36644300090065585,-1.2771008405466977,-1.310513592767397,-71.52288627305637
80,0.46652906504968716,-1.772008578486933,-1.5857868936524067,1.7786200660033549,0.9099744325059873,-0.22113147270112024,-1.9151131797676466,0.06543582610063942,-1.0306918897010136,0.3253167857052066,-0.13502903801045837,1.6443072432688455,34.64198243449899
81,0.7788178004787908,-2.382580564387733,-0.21800680239083958,2.0309793507514287,-0.8855984479451013,-1.5745380154754522,-1.9122167176581637,-0.41984178552242885,-0.11312633847164527,-0.38069724772284325,0.7485394807313872,1.180717548017175,16.127636597270957
82,0.6425679447888452,0.5936763593616393,1.6054126087510499,0.46008861801586126,0.8909376067455413,-0.4555315183241443,-1.7462180117668284,1.564576550598657,-1.1006272641586985,0.1790449802943555,0.2448570315861664,1.2298736820893417,-22.412586791252068
83,-1.4889029142156323,0.23033657847887853,-0.8859851564541149,1.3482486383301506,0.023715303034942938,-0.49814964616959695,0.5135158854500176,0.3271223257065864,-0.4177527723842337,1.332392785466334,0.6046915434013939,1.3946901342848623,-133.03654359965594
84,-0.23407612475929365,-0.049253920035392786,1.402400361423217,-0.12780503933954213,0.6088759883979762,0.9859044234164519,0.8493301114590502,-0.33668284578170393,-0.21829668292820112,0.19743759130578178,-1.0843106941963119,0.31630523189939064,31.52312823212214
85,0.1564146655362155,0.18781898473906303,1.8363949519279363,-0.9878394247332827,0.7368848444463364,0.9010249641201192,-0.46479213781998324,-1.6401433760226185,1.1268995552443066,-0.6658485144468032,1.2518825668440723,-0.2693203499031464,156.6227168275767
86,-0.2931523610986498,-0.08920200151474043,1.3737841923427738,-0.003008214146855801,1.809539179741527,-1.7159283820861666,-0.5471657130883343,-0.21059116983286955,-0.48884579428103386,0.9001877212373337,-0.80229153639394,-1.0460645239005468,-82.03676680480967
87,-1.4090105718383086,0.07764806508152561,1.41596836420833,-0.739484646395446,-1.8622146694257737,-0.5660818873496812,-1.0077429733624963,-1.4183174446655902,-1.0831541142121892,-0.21276941536918006,-1.3108919853473924,0.7868163802433819,-360.24872299172165
88,1.006333472970431,0.24259477918069577,-1.7684019226638048,0.12532197868715056,0.9818551109999482,-1.700037153803175,0.3574866913233788,0.666877573796184,1.3675004054120339,1.2191211349350441,0.5840294927429441,1.3984994773274582,178.7292451734179
89,-0.6695524610162549,-0.6708430722795976,0.5337326768826032,-0.16768539264783247,-0.7317533620712369,1.2002158975748554,0.18073598289764722,-0.9364204416112544,-0.08268907761805548,0.6901131139156181,-0.4156193574506371,0.1120948313437027,-41.40999474269479
90,-0.21680290263490962,1.144454036164707,0.3187934409763429,0.04157262027168119,0.7859799236575282,-0.22966453197491052,-0.14877097675703346,-1.5699341354711924,-0.004293035135751182,0.12960974317279925,1.189443219395425,0.08732983628113011,4.994625633358152
91,-0.6838033290755045,0.38228090192003644,0.3908876224424834,0.49581649320496274,0.6520115651527587,-0.08492632408597751,0.37850843126235867,-0.525107376576391,0.07171252305018525,-1.0895105574606982,-1.3303388845905684,-0.18425642424026256,-5.487967995585851
92,-0.18640986162739406,-0.6417268984057036,0.5200572693765066,1.6971452557349964,0.02789206179714551,-0.2773538209715308,0.6575395445024125,-0.5707014321716735,-0.39046522594023264,0.057747912461046505,-1.3310777657357273,1.120123350300449,4.841685821893408
93,1.4291588969122944,0.006063100898518391,-2.2921400869174553,-2.1701401283746478,-1.1202954076135194,-0.5142077650406683,0.85290527150433,1.0527007537573307,0.3680014392553899,-0.19661644370212747,0.8954036708614231,-0.8482082161745598,-4.018809553694778
94,0.5881934787557589,1.6814800411724367,0.7355897408721149,-0.30572176991456435,-0.5899658384853401,0.005772792046869528,-0.19801054725578482,0.10808557322030891,-0.6560896863585348,0.927361704416788,-1.0164625030048982,-0.5518315929996673,-51.312194390603246
95,0.528108664856848,0.8569708146092696,-3.3752883388033745,0.6115777320102977,-0.4648431884191413,0.1596848842726551,-0.022606248137361326,0.9440808904909184,0.443473545375412,-0.4166720511868031,-0.27523095013232235,1.0851030707208893,100.20218671999724
96,-0.26975169139560384,-0.9336289175254446,-1.706598030272776,0.5810933086733385,-0.5461337035036394,0.7845416330483288,0.062454117730266254,-0.2387743256693211,1.0601619412962124,0.3730413916452484,-0.9873276673721906,-1.0776280136358802,119.00068698642825
97,0.35760363490277686,0.49795360377383413,-0.4978345226214249,1.663424156090531,0.8448073774079795,-3.2231889542664414,-2.0142271027608674,-0.7583754057600548,0.6187795662815806,0.1579766795836897,-0.2383678629171406,0.20519477992813967,27.77547556582289
98,-0.13643022037808808,-0.9294787489185444,-0.7964318023168959,1.4491118740487192,-1.0542842383652644,-1.379443073216953,0.35007599642136433,0.1476606141102479,0.89146895000911,-1.6464983545589196,2.2323496764113115,-1.7081939963258561,19.811834951814827
99,-0.24322943853939796,-1.0948243677904728,0.22687561115240099,-0.0066612910831985875,-0.7796289167090337,-1.4731759261377835,0.1221881897007571,-1.0652431248885743,-0.06637021201436975,-0.2137145380966253,-0.7361294421891765,-1.2337325120620155,-133.6856034297358
100,-0.6073061109697934,1.1661962832561157,-0.2709542090343405,0.4217928156110167,-0.4431463667160598,0.5873868147148196,-0.09259158662931906,0.22728335594971513,-0.3866697241858011,0.6267699462672388,-0.20110040818573102,-1.1529701237724261,-60.582726541901465
101,1.0723745502184705,0.3930441989255164,0.14175124826222,-0.877061397298125,-0.8785242525362533,0.20694958820835832,1.370423452154592,-0.09862387981359028,1.504309446409085,-0.45671065813393735,0.6595074824872434,0.9775840086507377,175.34316609798864
102,-1.4288914194247115,-0.6805342305500018,-0.3514586193413387,-1.1740893540987238,-0.9473763745122286,1.4454078397001442,-0.4239460726727573,2.920526594337264,1.1229234899541556,1.5784287524344665,0.32958931171351846,-0.5082285872774621,-28.303163187502275
103,0.640701283197902,-0.3690421850605714,2.507860091471464,1.5732919528013354,-0.21908046008370788,2.2064383708333413,-1.6409463341271018,0.41346776093000437,-2.7098235857912343,-0.6301860685510928,0.5128478593958218,1.320199854369248,-45.79559386830653
104,-1.3021612439798054,-0.5157903818990844,0.2707425405390761,0.6834784960998688,-0.8145958040085717,1.601040035564682,-0.19850569746713184,0.5392300419878006,-0.08888608508112172,-1.9740992937648725,-0.019102657053795043,-1.2665431622236865,-44.38834138234046
105,0.20337493284958513,1.1920574838859368,1.2192098039083463,1.561445651106369,-2.114451159118063,-1.6516332619707792,-1.094400592161662,-0.18318177171838793,-1.8311252497578716,0.07491826059078233,1.7224455450095886,-1.7754228651353003,-269.35568395862305
106,-1.3848744494711747,-0.5012337146967931,-1.6086031444020483,1.5069313257799786,-0.22773456712212303,-0.6810101086103869,1.3118101017392714,-0.7711088053426826,1.1000744818366899,-1.659944764982515,1.5208568161622005,0.3277907215480305,10.57555970612807
107,-0.054212695950044944,-0.6076116742594688,-0.5317737556104057,-1.0951407299608862,0.2393989203178203,0.6301299756980796,0.6660724460059881,0.08585812501738972,-0.16774504529098025,-0.018762876677477145,0.9072122756551054,1.7575347998888164,-21.18523907387978
108,-0.6637943951378132,-0.23120041956364185,-1.9994554688366677,-0.5832416196275036,0.22581410205042343,-0.5189567980321714,0.17819109450757348,0.1064007110156839,0.6187386443412081,0.2723316337969426,-0.010691827497160935,-1.8863763582420483,-35.7418296573838
109,-0.15404373556730516,2.605351450888789,-0.054225264210389756,-0.13215863260865002,0.24441672582322657,0.6199163747679012,-0.43303806715175525,0.5983055618996778,-2.0969386466258246,-0.8913875471259057,-1.8567219649967313,0.031585512061688956,-179.16472282298173
110,1.1471751549072808,0.21381478417099498,0.22222470642515862,1.9021565675080747,0.3527700542031987,0.4321149808013072,-0.6916190779936964,-1.9863197292143049,0.856346770676778,1.4191349179883581,-0.4181925628069544,0.4553309993130506,289.9909806890478
111,-0.6231752736034483,0.8590282773670198,-0.21773430221547851,-0.1491910205170828,-0.041792580990993006,0.5285067491361297,1.7507304408081563,0.9689308230651212,0.20884420347632685,0.8751204108403796,0.3952518410618303,-0.08879587730145576,-9.257646716619684
112,-0.14162159728461093,-0.05948615487112936,-1.7707103882033333,-0.640778145409633,-1.089958582874304,-1.257732115037067,-1.3903703818745152,-0.5149103386614998,0.7630229531306922,-1.3616556617897368,0.7142571906913574,1.1940399974236602,-76.58444994698469
113,-0.5602539530866727,0.49411564059137136,0.0971526550664455,0.9597192737854329,0.8426926875290228,2.005626707184954,-0.15079124764947824,1.1216099487278823,-0.3590974244551575,0.027641356477752992,-0.33690000523331914,0.8133570970103295,93.49792661591395
114,-1.1841598373600546,0.5878106945604376,0.16956819408947552,-0.8966989721229784,-1.390498953329112,1.3192003554454554,0.9025840946520852,0.3278657879074466,-0.34691391298813423,0.34676448970660384,1.6150498098038086,-0.45592634104533764,-159.18557890472425
115,1.2723916648865754,-0.7752131709340853,1.1046672726100402,-0.14947184626130727,-0.5449511517747179,-0.6809371717482527,-0.03530391016478904,0.33693833817194546,-0.6199955846877366,0.7491369488269496,0.4230498318376219,0.04887079994360129,-16.170659521149116
116,0.044082288302296185,-0.9244122598374437,-1.0987760094522194,1.591317667806316,0.5617145612677948,-1.8476222734111984,-0.8900854164412727,2.76690302021938,-0.5866609716251663,-0.5921057973809716,0.7557393943260391,1.5976706480491911,-57.12337753509213
117,0.2198656647270696,0.5652620144051539,2.5478092800769123,0.852353079304947,0.3412642417413668,0.11533909355186014,1.2193148941156577,-0.030461323874896386,0.33848729642297803,-1.9964784364493842,0.16111308511628594,0.5865484123520658,108.69237797206894
118,0.9787608181670147,0.5440243215593671,-0.7832120722132584,0.8547858580838824,-0.6266171659773686,-2.125386517671946,0.46837268347340716,0.19928827529601162,0.11681528705605596,-0.8459396896381953,0.44576425970017863,0.35977800367085494,-3.7209123093423213
119,-1.1460029954520694,-1.1950744811588503,0.04257754342430959,-3.0240386895302014,2.0076926153685872,0.24459073303638623,-2.05142858345013,0.9484058408205247,0.521117795036744,0.7248791973969972,-0.33971165374531487,-1.3184808883991677,-75.29027356214134
120,2.205527401968511,0.7587589652051736,-1.2093524838580585,1.4908063552753943,-0.13263390457956742,1.0258633387771996,-1.3270523753195413,0.2277372288909197,-1.5410542479566884,0.026663650285304142,1.3022380967423235,0.884509995705051,140.21753089593727
121,0.31299206137445906,-1.1771580250511682,1.0398360529743702,-0.49719959282902915,0.6384698126546655,-0.41668038347137015,-0.5012202537022845,0.13086726533977958,0.1654420731347164,-1.3110835616926095,-0.16242986265338588,-0.10987345242793012,25.789365315060593
122,0.6861072618587453,-0.26358142013960945,-0.0709785391284084,-0.04247839399808957,0.9255143921892366,-0.41717338540932675,-0.057162182975643336,0.16158734131653665,0.05404084980807694,0.5923292388455932,-0.10135021979361561,-0.16651790976373687,78.67481556783211
123,0.5253836161845211,-0.6156467737391444,0.3206464373447817,-0.3863978403674613,-0.9814560821862653,-0.12939854907473547,0.1783836094953086,0.6029086988672672,-1.3531947685885928,-0.5816150745546842,2.4187753820202893,-1.773788631845799,-148.78872513544007
124,0.20308022013577068,-0.8563768720896092,-0.038142646893039554,0.255976153069347,-0.022858516660924786,-1.6067501888373035,-0.9293354801992035,-0.778729675713151,0.9534457305880121,0.028895865124939957,0.130588806656044,0.6506731790665274,36.406684715716416
125,-1.8150209399652275,0.5806513881740898,-0.37417710438326934,-0.6463803552160914,0.3955974677605993,-1.1756308521116792,-0.1164686411139336,-1.4613957580707566,-0.25566106871452365,-0.4027355948254891,-0.4313724701600428,0.532507369499645,-244.0750291653486
126,-0.4784490804791567,-0.5701011274543855,-1.0499562866814414,0.13383423410959855,-3.0161225961837377,-0.986279047144233,-0.1942915674538571,0.008617422146332937,0.3547825481243328,-0.3696280877300588,-0.6715624605015749,1.1066458867001794,-176.9713345210347
127,-0.05582100179976515,2.1035395549766522,0.43397769012542536,1.2713079815240338,-0.13888831320580958,0.5717017115513681,-0.6590938811287079,0.06510768444826806,0.6883726526406904,-1.0207749968648823,-0.7152694771685822,0.35435410500284575,134.72265181434966
128,0.3453772256673002,-0.5882115536942889,-0.4553739290271232,-0.5542038091342283,-0.8189353499182388,0.24119121371188512,-2.185137078711037,1.4609927465597856,-1.6961069945243752,0.7330632579685215,-0.23927770814831897,0.46987033247729,-184.56982770755343
129,1.5909979186241174,1.7860362478950504,-1.2297234845711877,0.25832675568999935,1.487897690607891,2.092350127101241,-1.397996982999262,0.05688750258503575,2.086111930597982,0.20606970956833037,-0.2900399463985459,-0.9762003558091423,508.0645168417584
130,0.658893127255214,0.5087375063443449,1.7686817783763986,-0.36089556604581224,0.296601569798775,0.5961331286345695,1.1895715217159513,-1.2277270864515435,-2.5200256449359992,0.9873975636205755,-0.9903981827723952,2.683111537647832,-156.50736690299883
131,0.9289464646516126,1.1269220488515435,0.020018311811939724,-0.5072978601838727,-0.41491232945578993,0.9854051070185252,-0.07273482884428166,-0.2676500391411208,-1.3404150262393029,-0.5194340993356308,1.6022365716220297,1.0931357502148302,-40.36025903826694
132,-0.07499286202174506,0.18452306885223874,0.5786287685302955,0.6323834753010226,0.15422448669525984,1.578755751146685,-0.29206307702399653,1.484335558303559,-0.6551513715804291,-0.2911857640335722,1.0335494966305458,0.9756077143264729,41.34701085139862
133,0.6392039870300872,0.7992177902356439,0.8152568127116864,0.044078859225020285,-1.4237962103405224,-0.5159420243704805,-0.816137046607542,-2.216608576377636,0.38482660133599494,-0.33440138685473153,-1.7182608305077025,-1.5113418030211347,3.96250857960375
134,0.5768462855262899,0.46596760476182697,-0.5481806122715636,-0.10735558851022593,0.9576896634947797,-1.4896645778760642,0.95742501142447,1.6595353344376274,-1.1420074677744363,0.5934260814234857,-0.019258066590248438,0.1843104857818612,-97.27719023360369
135,0.9055441398750118,-1.0968354716262634,-1.1107045824291748,-1.5198738017864821,0.8072600906898114,1.2226597701232689,-0.6285489796514421,1.9741704795502886,0.13836494592169019,1.0054504071846027,-0.3744783608034453,0.7500736341188079,120.79803631459826
136,-0.6239444728010737,-0.27030050795644917,1.5680865919728162,-0.9142898923378552,0.02126022458104201,1.2715075469272052,-1.538123044007607,-1.6850941485314068,1.1699299473450422,-0.6260782492552076,0.09170620912183172,0.18428040802485784,84.12647457399544
137,0.055881503258902204,-0.2232808907441468,-2.1384788041553042,-2.2497426027606133,0.8332687607610788,-1.8198290916442814,-0.3303172746999739,-0.1712056635430734,-0.7035413276086742,-1.067667111514443,-0.006448662753124756,0.8537933042072905,-211.2278045177611
138,0.5565254722890512,-0.6687596430548447,-0.3279939751961266,0.19696512796311383,0.8038688605318013,1.6368736865802744,-0.1618375122210209,-0.27926057188123143,-1.2412329188595963,0.5113777886433198,1.4556741751499764,-0.46794397424606515,50.53358578436089
139,-0.17841104217843648,-0.8516876021774374,1.1284483629819981,0.629096442291673,-0.21793035291599547,1.3322684198448447,0.6694757817989654,0.7230226479837998,-1.9488767878379236,1.5116864914752526,0.21943544056762268,-0.47617320254904305,-117.56821544222912
140,-0.49561155870009926,0.8720789876431579,0.17766045801461575,0.38237115428046736,-0.21533345638035528,-1.396912679150091,-1.0711344065430344,-0.0014350607220020512,0.32569844032809575,0.1634848796453668,-0.7177100157861424,0.31100250736288554,-75.66105518950894
141,-0.8395254986055954,0.4604670186545232,0.0046343185316371095,0.13748967187254996,1.5767405951166737,2.0245870208016807,-0.7683660113398407,1.352495551078845,0.26047877311011,-1.6418195088461638,1.2409275056170324,-0.6432656374507806,126.45506131408801
142,-0.4195328448000504,-0.17450155741735462,-0.5255870839366528,1.4785131166173675,0.09767349314598264,-0.4984114963679054,1.0020049048079986,-0.21198745059440063,-0.9343064261837196,0.036244368249927064,1.1994231914530393,-0.6275804757743085,-83.73879594008179
143,0.9638779299257533,-1.4597807078272524,-0.43737069845488796,-2.642172170398037,0.5678023751151298,-1.0848677649089857,0.6087312531191605,-0.03850632478757112,-0.6515585166124502,0.6766307307925776,1.1574901487914488,0.14155496457650854,-117.70034841116494
144,1.163516552822558,-0.315771412452653,-1.0337427870509477,0.960227663830247,-1.4017296918237085,0.0863454132678324,-0.682265648455322,0.4355167736335258,-0.5247793712921232,0.39102913059352873,1.3067868057067018,-1.1556266224436638,29.400565969049264
145,-0.38245493997866026,-0.7316664410966721,0.3722698067434663,-1.119692884760009,0.722665356465693,0.4974505972462337,-0.6651955668480354,0.5146143429243243,-0.2578880299897433,1.1954862251405207,-1.6446267073810104,-0.5203104855647183,-48.438940437455386
146,2.54863454353421,-0.33387779712089416,0.5286530543535383,1.3044442589131955,0.04648551146726612,0.5593747838504922,0.25058379966182764,-0.139908167795094,1.029395458677989,1.9818012524231536,0.9659881930240528,0.016734718427604992,396.2776983880424
147,0.3556632100935462,0.556281046512749,0.7999111021031268,0.6707900874000589,0.33137083723969696,0.27189472499609246,1.6527864995889783,1.968907445937018,0.38405277840434027,2.058448621710895,-1.0991027785016514,0.5263663714918627,125.28412186255527
148,0.24830902107347683,0.25913973927724404,-1.7196801755617948,-0.02070895284772405,-0.4170434628443592,0.2040064069219983,-0.14297571629411457,-1.1936979178238887,1.8818721296407424,-0.1031013345453785,0.02325112933955993,0.7533740668487223,192.5123069336713
149,-1.5161071954375303,0.8984918715549175,0.4102168590963373,-0.5421380755833409,-1.7530433918022785,0.40980957852887956,-0.6419801994411497,0.7688154746751698,-1.3243411034270773,0.6420220162567531,0.107147301037188,0.7561078249163983,-332.0555963719056
150,0.8613516952983034,-0.1764955900475179,0.7400965699720501,0.15372174387246373,-0.4735172075507412,0.8191636270503775,-0.23179876186750728,0.04352833003083178,-0.6276455702295802,1.3770482126147312,0.3437322018382465,0.8221877230520596,38.27264691806109
151,0.12233926088756521,-0.6425270708015286,-0.023846580027828395,0.6930087591824482,1.950541764278802,-0.6802469140076827,-0.04991727122911587,-0.1856151127065985,-1.1469254737653705,0.21992646931268073,-0.47549529024989834,0.050232776381228125,-22.800754629815422
152,1.3361933693225914,-0.6561199992584269,-0.3864065766049119,0.8656106208558216,-0.39801285104265416,1.432678063423343,1.4318079636643575,0.4595957565330386,-0.04177608908986581,0.6894852664256368,-1.7583243779075233,0.3065457912284993,201.6060184845208
153,0.28171639744789695,-0.5202130709910008,1.177382259381734,-0.5330315904710229,-0.024566338400843244,-0.9894289312884464,0.20098188268720693,-1.9459167584652295,0.19544714167049193,0.6937014822486418,0.09907630857592291,-0.9576490893726232,-29.689582157939295
154,1.3356184916366907,-0.32590409415839566,-1.9739507546343462,0.30547462087780924,-0.7528093947381681,-0.32324271887319983,0.43936500923707417,-0.8234108998564827,0.29260043633773664,0.7107196843862261,-0.6376839074769385,1.7052026236616473,104.75166674284937
155,0.6661680171558685,-0.041077807962035924,-0.571008652757052,-0.05044444074090546,0.4794735005526665,0.42947728258360296,-0.5307194535120343,-0.955226789847132,-0.4662774046306581,1.0604756872537482,0.2543346467237822,-0.2654582552342954,49.94004888939649
156,2.1748436923879084,-1.0282072061603345,0.8264125032572908,-2.903162556851692,-0.7119396888339483,1.6110133084049547,1.4708736092682968,0.31818970976252553,0.9107746612337482,-1.4542005191678253,1.8225601820771264,-0.5935922625940898,205.76452669921878
157,1.2122027080868185,0.3072269866953559,-0.30708493200838627,-0.25806475175039933,0.2675372253104375,0.018383408212307016,0.18373910325333326,-0.34706637778269933,-2.0028178915218238,1.6572896641856676,-2.208116228644202,-0.07095014594366576,-88.23832259725265
158,0.6450857279763076,0.4595142605199132,-0.10813692992353667,0.25755118030303076,0.2899731412217608,0.23364389241007005,-0.04733826566257536,0.39364438372113325,-0.6376465785627128,-0.572205218332274,-0.976524757266416,0.3238294065832886,28.383048923208115
159,1.163115520893074,-0.7356834355496263,-1.0533340381822165,-1.0125231021920995,0.6224549857198364,0.7598950077078167,0.41522992366197137,-0.5977902549566514,0.9260008503895358,1.6349920309463268,-0.39827490635834073,0.22210971092353132,210.64108605326342
160,2.048119686403434,0.4041488326516603,0.8992180175088553,0.046203318571840096,0.06825718127055187,1.1551808457274928,2.35742193816582,0.419792320387213,0.09830784030916741,-0.7595409339175956,-0.911954210863657,-2.158695801424927,249.41401212071574
161,2.6093878959695616,1.7364521457478492,0.9762106093303552,-1.8208432247042832,-0.05340442535735714,-0.37351914041214596,-1.2139096578799666,2.09412499663198,-0.37474536686501325,-0.6857764664707398,-0.2301257943351973,-1.4343289298004271,84.97591470588034
162,-1.028208725616752,-0.5308810787515432,0.0024146955375957567,-0.4714332233410831,0.1512423361207525,-1.9475724152520197,1.0201067858806396,-1.8135754977289347,0.9688640512399725,1.8792097211463705,0.4968113434759339,0.7270956324541787,-99.76359025658978
163,0.6545832071952016,0.5480282968727032,-0.04401113208225221,0.8505557950423465,-0.06826438526447275,0.4428295698915521,0.023495729913337687,-1.1402397175944783,-0.48860135450842374,-1.4803040448386569,0.4484897786049518,1.529700801211414,62.37711385365374
164,0.7754802179939965,0.01895479307145889,1.3537245724283122,0.16632702514549805,0.9946805619879794,-0.4017391286585409,-0.49528540811832167,0.3317207672733813,-0.5951252697040227,-0.08035214125982233,0.3460750109809236,-0.25156031688828967,34.64006520759564
165,-0.4010455673561378,-2.24798751675533,-1.7946263895888726,1.3898023021332269,-1.423148276969882,-1.0402198575738508,0.744693672399867,0.24839135020465267,1.0694651632686825,0.44214881879023055,0.00827069711778305,-0.28236768962646436,15.23468886307749
166,-1.393889175161166,0.9463343876402714,2.4662399210185364,2.391151703929786,-1.2184059639704676,0.9902221320571757,0.40989402182012397,0.7358252885832797,1.4834266558457403,0.4042751469269224,-0.0067250226830775275,0.33704848669331533,122.30139672624313
167,0.5194481094517707,1.1961989513800844,-0.32673560532976154,-1.5313765305819567,0.808632347253098,0.8387363212014196,-0.03319633852605024,0.5635572427977132,-1.050496260371557,-0.07121530347873778,1.089668040184491,1.887048953870351,-43.38159352968848
168,-1.5913749284527945,-0.4698871862218869,0.7907547371240745,-0.12305600275164794,0.2870069326751848,-0.13927497858379378,-1.0735426565784576,-1.1643715998057038,-1.1669999020874677,0.26239019088238896,0.5256902112754328,-0.40466772382452465,-248.3285201703143
169,-0.43622091129325596,-0.10630167718860727,-0.8651711412037025,0.1895096431521059,0.6400916042363974,2.4962656275089805,-0.10587287016963641,-0.4222527618569438,0.882613665981513,0.6435872528721137,-1.5597104703861513,0.5273882268037883,207.7667302058304
170,-1.4678854092768339,-0.5296934300825705,-1.2183790181973488,-0.9568890326429572,0.07520384429686124,-0.1893962736749924,-0.5214697530911804,2.4395296541075213,1.5097421211487503,-0.9236089658442138,1.369778172461086,0.8357574362268518,-24.295916773285054
171,-0.39447984304999306,-0.02501345203228444,-0.021723313501105436,0.15565349317558413,0.7761429469247207,1.0999618766761512,1.2721806496211785,0.2356173051129945,-0.8928277164640623,-0.13871804667865975,0.618014033418791,1.9086017536558477,-22.657396606317434
172,-2.641759877077461,-0.3894136144063214,0.4681932728013397,0.3197913593726128,-1.166056440314097,0.6832936247903916,0.589342851225863,0.5399118186429666,2.084123148201145,-0.09353501303846519,0.3318409751908019,0.49806249087034754,-21.14538740968822
173,1.5392981419671943,-2.34955176345095,-0.49902035864354105,-0.461370326391523,-0.5845717858816102,-0.46150281554193306,-0.563740816695741,-3.2952464019992562,1.022100747691399,0.5742891156904358,-0.3098231906070889,0.8438650451290568,160.17952675296385
174,1.0270990512184923,1.604767457938557,-0.1864785591130902,-1.0135714949494508,-2.3121171090045065,0.046113607875980005,0.8768593946709795,0.7554685860264021,0.10066204863274987,0.0164941856431896,0.1888478628091137,-0.5568995758880204,-39.90554042082803
175,-0.21884420699733542,-1.293871420312903,-1.1958422077793507,1.8213662054951625,-0.7314689246748455,0.045333973995898835,-0.5283902727921955,-0.0264095080387236,1.1644278309167904,1.0676877695562856,-0.8785927009223374,-1.4690046617404213,137.8590963571667
176,-1.1247644677266622,-0.6054938349812876,-1.379409264972772,-0.6247916360986512,-0.5308729631087554,0.15470102698806248,0.5640037255924115,0.2420090337201299,-0.7437641719834506,-2.0823939420808033,0.8130285905293612,-0.48444760926316455,-203.81726031554493
177,0.8383949722431794,0.004111505169094193,-0.8183498735553746,1.8288216368879986,-2.3506243632478054,-1.1241505540136596,-0.2839268511485736,-1.0675957023465124,-2.218095830604841,-0.6035124872957828,0.028877925778243912,-1.2167810504532242,-224.45757872826462
178,1.4678508080069175,0.535353637064949,-1.39268798568769,-0.9618938984102735,-1.3575513841650344,-0.4820275566916947,-0.9510314597666388,-1.4527493463415826,0.6152580254582781,0.36918178540843083,2.269065072946928,0.7245199207211311,59.7311734265372
179,0.10225728963144133,0.25882940297042484,0.7026913490179814,0.1612489970294515,0.40823035004093217,-0.7653111169113171,1.603066372341527,-0.15124310053072576,1.7999191690656453,0.4046116044539804,0.90222163971659,2.4731136070766566,170.92099734119918
180,1.0623305491689183,0.2585212326482863,1.1566821429647005,-0.24786517092703245,-1.2309590768364589,0.7957529677995664,-1.0001571534987073,1.0200357071422543,-0.9584463269634543,-0.3911050150250001,-0.3850283442534986,-0.5515091856222202,-27.208713175016854
181,0.720274907913294,-1.1950756849449593,0.004227211963267371,-0.28668566031918763,-1.5847274244430531,-1.2928551115978693,0.4805923394191863,0.05734557962972953,0.16010320718729285,-1.479160165893375,0.1518695697939809,0.03135460190098017,-66.2018096656478
182,-0.6919322105448336,-2.1776894998626943,-0.015282210907566252,0.7540734055114955,0.7904249045243436,-1.263369615639817,-1.1559179116113507,0.17364220232321195,-0.2791808207311118,0.31249540466186854,-1.0314312511133898,-1.8999814947362266,-85.62765634311515
183,-2.5291046067282825,2.651343351186345,-0.5282471066317397,-1.43682928852925,1.3610501253577638,0.25155303659921957,-0.6745454562609015,-0.4887449149253904,-1.89289546134276,-1.9621539400177992,0.3132160850667616,0.3624809879206561,-383.39725534231115
184,0.9157137014043555,2.1144188900869048,0.5783193340919084,-1.4349790401724407,0.874083852962117,0.13007055337337659,0.23785295812986032,-0.4793246260928139,-1.1454380253093785,1.742469282836453,1.1730225343963576,-1.32625350183853,-48.14629386066897
185,-0.622194102236179,0.4493775781696717,-0.742292329147241,1.1474780772852413,-0.3098430979348378,-0.7111668937293794,0.5538695225981183,1.237263148830699,-2.4179800773292226,-1.094635819590915,0.5178248048848948,0.035216387257004156,-285.79895322070473
186,-0.8716113126096157,-0.3567249241459468,1.0977964051888964,1.3015733953141908,0.22244131448134835,-0.21111719574213147,-0.2925800159891923,0.08952165531511033,0.3964161342642486,0.9810715810106172,1.3757536940560513,0.3824560883258202,15.136527548765837
187,0.9985669717064044,-1.1682659074131545,-0.14744940853442923,0.07421408808513875,0.8643714229224598,1.1771472535598437,0.7717930320115242,1.8114776810187,-0.9526508330604647,0.06328753781253353,-1.016697224269155,-0.9789099917819021,92.71706216342132
188,0.2566783371570423,1.1383878850337321,-0.38592112032050424,-1.489554664444399,0.4861632575717539,0.2810930597732559,0.7106589479930842,1.3289241124257116,0.1278180193021427,0.6470630959993681,-1.2273664247950624,-0.37777850453494977,9.628620834868252
189,0.20006600146443132,0.03486576202354327,-0.04707038046226004,0.8152167676841733,-1.2424487591005515,-0.21739078831383857,-0.21006437275819864,0.39643842673257673,-0.7502736592736187,-1.149781854625973,-0.9909836345611981,-0.1815163440997409,-87.40166579291228
190,0.20175464451035025,0.32196176741341975,-0.3108214967257057,-1.0982462421953523,1.559824557112925,0.2754539103164435,0.8578477933928174,-0.3390704404753402,1.2126860294043513,-0.2875619179977765,0.5947741526166506,1.2495232276185342,171.0019311899972
191,-0.9106333869914499,0.06814696601503203,-1.2663145507590685,-0.36940800363970616,0.8589697765133321,0.7248124524614514,-1.6229180877902278,0.8213938793693915,0.7497565356789241,-0.2414506272528837,-1.2096034446457786,-0.3344796988617165,49.64184234591038
192,1.056663124694948,-0.10255961369179431,-0.15424123179493457,1.1380912870189284,0.010853895571770794,-0.8431817934661312,1.1180789133420843,-0.6508462509981545,0.1273476278575231,0.956229826555287,-0.9889399705174785,-1.0665964560203962,108.22857262020808
193,-0.7733290371764789,0.127564098689447,-0.11719347954708556,-2.351532924974742,-0.17731155393777004,0.14673708236498467,0.3113673696853649,1.3249883422207995,-1.598686734628497,-1.4324131976083725,1.4036238486846302,-2.2752224469159,-313.34295765765575
194,-1.5504407007800958,-0.46430964140786213,0.35200070064862427,-2.0854745939770685,-0.27276349567736147,0.3494416214388582,-0.5747280758545392,1.1177213522466252,-0.8268905209147174,-1.0848199176517004,-1.1067548228532647,-0.38136318615836723,-288.5126036436872
195,-0.06596618453103033,0.5232211234276414,-0.4562458422568974,0.3475198098795484,-0.5044950338936646,0.4796545879899698,-0.2552484163988986,0.7571324950314563,-1.6004055133622188,-0.6364537736238224,0.13201382012519192,-0.5399689239130321,-143.18543015987663
196,-0.7743714485765324,0.6787663626028685,0.19689234327627378,-0.11973343770285075,0.19204849754026856,0.8693730508273514,0.4143087082377181,-1.7505309512909213,0.6699335579071419,-0.9970353080986932,-0.46939983742791624,-1.225555683516109,46.89590442016055
197,-0.18891149371898566,1.2119533187750717,-0.31930388146964356,-1.5307042653485163,-0.34575834718233217,-1.3709805505798383,-0.6660254446861781,0.16617249810353418,1.237937346257416,1.0284122939402338,1.3493637003260568,-1.8425266114406849,-43.09374340778124
198,0.13087578347456189,-1.9351479644419174,-0.14907052776836868,-0.7101513229944528,0.4383962658976075,-0.1778690693168858,1.4678597615498166,1.6660280880436917,-0.21979708037461645,0.4643846218873988,0.09562690385926992,0.0920026927806777,-25.42410640290819
199,0.9988114730562045,0.6504795282579546,-0.639790110487487,-0.46112819778964226,0.928174556456329,-0.6515791872065472,1.5262570383980352,-0.8602487438465579,-0.379231043347623,-0.5082418453484288,-0.7071740810097557,0.9406088352764399,39.46606021048786
200,-1.1515072733775225,2.6926237079592714,0.9420220039923753,-0.4453234872822502,-0.3137226885571866,-0.4149717311503272,1.5437854532667,-0.9105197018464128,-0.3096543508959518,0.959985616475321,0.11415376842727237,-1.5917848229884677,-174.816568753662
201,0.7750598350479868,0.7030265438792253,-0.2699475156632235,-1.2693359443779486,-0.26183924363839234,-0.15516822778633046,-0.10752310042813971,0.7087267961049178,0.4903736143290459,0.06479421530074578,-0.4080642800357763,-0.06371543292533345,41.78973045036819
202,0.14552202899252545,-1.2891996096929246,0.6994666228956179,-0.37819049235475244,0.33527153794891734,-0.3864944349294711,-1.031413683858933,1.0102319246756866,0.5557185727507309,0.12619967179794453,-0.11314029985042116,0.9860604833380472,42.21912423278252
203,2.4544406577983375,-0.46134107210719755,-0.6294497596689422,-0.7750100803420071,-3.3121993820903683,0.5446106819049072,1.8661492859847775,1.575735890372685,-1.0581665353987464,-0.6650856513807218,0.9771591860790889,-0.35088450484858735,-36.45059797415125
204,-0.08338755953552617,-1.026845802573682,-1.0718071777783413,0.6890794558586988,-0.5618458658160397,1.759611442367387,0.12987677483006535,-1.195762867806934,-0.22664902099589482,0.8046889974106032,0.9028802181383404,0.41856745849313387,64.18111530086813
205,1.7655073981973488,-0.7875681483746706,0.44223746216734333,0.2425763643603279,-1.0636502118237958,-0.5818720211705625,0.35755318029096356,0.017350367011144896,4.332209994561581,-0.5869521178216752,-1.8185173621711896,0.47394859385238136,501.8070757956534
206,-0.1560810060409406,-1.354162050900126,-0.0062989700508609865,1.4847063417139297,-1.2442116523480933,-0.2407855147642378,1.027279210073995,-0.8818431944047328,-0.265282215592593,-0.42532112525586946,0.09462724445362466,0.9715863361096454,-39.95921575326279
207,-1.3631903046237215,2.086071638604493,-0.7486843190112127,-0.5562239691994026,1.0626707716259056,-0.22683587291641363,0.9474131680059313,-1.3657045142126099,0.0996245308523154,-0.6963275052605289,0.1319891291663682,-1.6244742501699738,-91.73813099157853
208,-0.9092322782697472,0.6383903080137642,0.6627832715431761,-0.990020890595899,0.3193845614687137,0.24233204235663583,0.5633711325287646,-0.27657760635048806,-2.4999403527835016,0.36837945928247,-0.6112801762085869,-2.2932123939796707,-330.321273149697
209,-1.4537852491329029,0.3953608353942455,-1.2128996747771357,-0.769818414512162,-1.6982785203352995,0.6036548824879808,-1.996102417707526,1.0481455447113135,-0.5257172646502543,0.42634675578209097,2.6277020275957677,-0.03341252415265411,-250.24862678565384
210,0.17582177886777828,-1.678774960238429,-0.3435467370183898,-0.5666573068551507,-1.1979156517500693,0.39309144132153473,0.9513768438749589,-0.9546784788634701,0.24363365908894027,-1.0664549635684093,0.6338834846234462,-0.3760255841820839,-13.245355338825481
211,-0.7106821326176017,-0.707189169890829,-0.4989612455862431,0.3769396831020613,0.186013812493088,0.2803961857585517,-0.6948383519782977,-0.743682486510884,-1.141670673086928,0.45053917960848666,-0.9936034292264975,-1.5352652328219698,-133.65350680059325
212,1.430392432527793,-2.1533237922743984,1.184456941159797,1.0801361896730723,0.01516339340703147,-0.8549452511266441,-0.7189527948586959,-1.4497386270479575,0.15387751505544034,0.3304696379267577,-0.5710115652407398,-0.6875755545822138,134.7545207565507
213,0.11312701177587997,0.6296061838562719,-1.3859488429863926,1.6163883987785164,0.02512469420753995,-1.3083459233882129,1.0096652067980432,0.7021313234952936,0.5844526524880814,0.9646733325112803,-0.4681125356476493,0.43638702825792713,69.58749577504729
214,0.6832319653499624,-0.09069859396629155,-1.0254240805856816,0.34718553765986304,0.3080770887887118,-0.05567263631153824,0.5431754283741338,-0.6544080656588688,0.052303006071694885,-0.5608249224336586,1.2034175583878586,1.7484354979178216,87.08788367596584
215,0.40084869480911023,0.6343404016350536,0.8734480674360642,-0.3967822112506429,-0.11513638017765992,-0.8521896243334509,-0.007864881291148103,-0.6540509402633505,-0.5437585561272856,0.6794536775240043,-0.9540719491365277,0.8215672944560788,-82.25846398820062
216,1.1554368852299333,0.11378574476556483,0.25895333143777405,-0.6388751223242829,0.34812699993175344,-1.178808099490469,-1.2461677878738855,-1.225185835018171,-1.5036414334297916,-0.0057824757613824706,0.43584158378873467,-0.3380199081521002,-120.56790915760034
217,1.021535040232118,1.2678025214677182,0.22014401372227846,1.5098757969085617,0.12048820763335219,0.4743674164872518,-0.208147744800289,0.4476374563463958,-0.15660000202573082,-0.4086622886399976,0.2448412708071674,1.8892178758699476,159.57437892794007
218,0.10912067027870843,0.867408740770027,-1.7072575473236127,0.03271583739555854,-0.06082040914221902,0.008703753755338092,-0.90344547931321,-0.3335491999306151,0.9727526515420801,0.2946441203287521,-0.21659397352756304,-0.6817206595957725,99.2608885906138
219,0.92916691392771,0.45910290195946496,-1.316402829139231,-0.4284980483643002,-0.626776779177158,-0.9127821878765693,0.024182483268959002,0.6387346511330775,1.4393581548827012,-0.3470295401238854,1.5539521282387332,-0.496361318127254,126.99969293164057
220,0.2049393191247219,-0.09095973841126281,-0.026126768232917156,0.6141614497281322,0.30826528542869724,-0.20466500698006124,0.7077657562691647,0.40065623926554833,0.4243033088999832,-0.4183229619046504,-1.1405585186033242,0.7388585646170102,88.14814580833597
221,-0.7430827490535025,-1.305950058216048,-0.4200796838366769,-1.0110215638737103,0.021440113991856753,0.842313020656014,0.7377072521564053,0.7517585148196809,0.24714248601954386,0.5794835893261333,1.3517262734721562,0.7545567715619759,-34.981291487571376
222,-2.3408843904784638,0.5365677308932094,0.5618050224737475,1.8519015752972054,1.238872112756802,-1.0571214985083734,0.9612273320892338,-0.44567437853263353,-1.044612254138739,-0.13032967291223194,1.5015667424457078,1.3132621766360622,-219.26861974327684
223,-1.3207413924727018,-0.6344598099763484,-0.6856964848566534,0.35638940841774974,-0.44941669141748974,-0.2121832294830592,-0.34840114102486325,-1.075819011381081,-1.8992530862731736,0.13308653841962084,0.39951593437123495,-1.639511955088321,-309.4686007877616
224,0.256271637533215,1.5569847498515141,-0.5343582217633424,-0.5327736370256345,-0.42702835876799655,-0.7066545945041384,-0.5238844753144846,-1.4332655077464396,0.5865008013837931,0.29045448628513987,0.10360883726427594,-0.06858400324154058,2.0430088470737333
225,0.27181191677328087,1.1086727966515417,-0.10080760950345968,-0.1296002023319859,0.8719304344430815,0.7678789309587665,-0.3861604951635052,-0.16013007635933607,-0.097727211490877,0.46758890297729,-0.9244499921490495,2.316338599528326,82.06715138047389
226,0.39177409198409807,2.0978050499473104,-0.7271939391712757,0.5104101416385108,-1.1509000489961778,0.16391138444769027,0.14012001940679059,-0.6402545147423967,0.9838221784676972,0.7556513201339526,0.7097253323013586,0.7082782502746525,106.69339295906036
227,-1.491953767715548,-0.30871120708130645,0.3487338740854322,1.1392056684219671,0.27614630511735494,0.5891259826077379,-1.177125922398676,-0.054599827847079625,-1.7141386229704945,0.9928334934706325,0.12899391573701682,-0.5740280648873713,-204.8214574988815
228,0.261922872285633,1.212351820123986,-0.9644201110330478,1.8302437963883214,0.5057727025979124,-0.011929281088884792,-1.5847598119342885,-1.3170721447694116,-0.6626719341516836,-1.5542148344776787,1.067718786201495,0.5714706932677337,50.24317199855586
229,1.495590818097911,0.9023334130983122,2.016448193995186,-0.927578010968191,0.010722520753288802,0.01715824758354174,-1.69193253922377,-1.3773721098849907,-0.5833227963727768,-1.2312584219360543,-1.298117025768832,-1.8136194594058475,29.463014031291316
230,0.9496215755272804,0.380862699864334,0.1952718207965435,-0.10061943992660789,0.4909463753815227,-0.7175325183751182,-0.08163381342581576,-1.519595771391191,0.5187759685569755,-0.2987136416379073,1.1583205353826176,-1.4703587563371483,109.55154394098078
231,-1.3342636872289628,-0.5369435267561625,1.2052975484870971,0.43915434183651003,1.6518726043863095,-0.1210516231751866,0.18231097108276126,-2.4435443090342535,-1.3258161720781971,0.0813193541932231,-1.5163417762345606,-1.453179031561574,-157.35739715924498
232,-0.4693599975203655,-0.5445444536246045,-0.1145461790652279,0.4903265741145782,0.3328525678155779,0.049015110054097005,-0.19040565813063276,1.3691600720616026,2.01532143959098,-0.6856700848332512,1.8088544745456496,-0.801885029993382,190.49757799631624
233,-0.9579892305599471,0.03402643316557531,1.666719367782313,2.270182457820858,-0.6645298376376547,-0.29544407545948614,-1.0499573294920623,0.2561337295451348,-0.7652754790949715,-1.402765718641083,-0.5447103248394459,-0.5291738417526431,-106.84334883074298
234,-0.5571412217642336,-1.2104219103042095,0.14748636927084585,0.9520721462228913,0.3755241414555684,-0.5464932839538074,-0.3573446802637984,0.20630386377967788,-1.1630985500831923,-0.24939352618342472,-0.6680902388264537,-0.5658202384107016,-131.76723576320458
235,-1.4918059481363166,0.1503005180652523,-1.6794351420279312,-0.8655096044152374,-0.18700428826746499,0.8944625008853122,-1.107478949373508,-1.0214688074694205,-0.7802788302589452,0.4001677026702761,-0.031562563130674764,-1.0012955343611718,-200.4218332513009
236,-0.1013670599038044,-0.32835707946914067,-1.2873480976461233,1.0905396503555507,0.6603792430139853,0.1039203973643731,-1.5515090382786771,0.009528489691885654,-0.613715725192293,0.5762142802978474,2.211116929384609,0.412644808343625,6.9157855856573995
237,-1.492176545253675,-1.9259849003540526,0.24586198326534803,1.397411891380961,1.610719388069381,1.3604994639528232,0.0675485957217295,1.6523512964650764,0.9025533866178572,1.1785311652983117,-0.5476959888100899,0.08009048667303606,153.97292527151276
238,-1.5434092332471583,0.031848277068813415,1.5619371848687833,0.5892045168057732,2.0929324816283605,0.3411996905895784,0.08685029324188667,-1.0326094477729624,-0.9392219908305981,-1.1118991313059094,-2.3919649001892047,-0.7299613003985023,-89.18036605709194
239,-1.5903603302501992,-0.41511863595643067,1.190069729796612,1.6955531925551486,0.7465077477731479,-1.091279649236547,-0.22477080742984462,-0.9341139687670611,0.2583205150087021,-0.43324784788220194,-1.1552953586517483,-0.21927222120714557,-63.74797628192354
240,-1.6195878670292465,-0.23045220578387163,-1.1663876509317772,0.2829332651419423,-0.07807202993888934,0.44012651333885633,0.7562243753594323,-1.712942847215122,-0.5733754519243411,-1.2351282885263482,1.8824224469123199,-1.2728776258195094,-158.79896970629244
241,-0.6392983222087377,-0.17568600598177395,1.144019951252717,2.0886418592819744,-0.02989785745418659,0.17224813025599894,0.9538687245684465,2.0509975861397223,0.09090862348004013,-0.8580112742976871,-0.6371877670262527,0.9266795236278197,49.116019701911306
242,-0.014578050828246055,-0.19444668843993293,-0.5332734060832754,-0.45509032968420915,-0.19919795047463792,-0.24656377938948523,-0.785714936641553,-0.9376399306486131,-0.03479710442704382,0.6954401402961444,0.0327641780615089,-0.6535350870686073,-45.757652249404586
243,0.39481103666359224,2.264920045813718,-1.0576002253320207,-2.0856405005736254,1.2623340451564469,-1.6900295838732844,-0.5740026713523466,-0.29916753722480943,-1.3126302608625042,-2.71793002150728,-0.8765725002783515,0.036751453956679295,-209.71429444308617
244,-0.7979285005408643,0.4009282262896812,-0.22072871062378083,1.5488093090772022,-0.14625075175426316,-0.017457369450628635,-0.12157458083277124,-0.36188473958531414,-0.8620349940823326,-0.4114620615786767,1.0991107383282233,0.47447816888520133,-93.75348485299921
245,-1.3286824211309043,-0.387278614273891,0.8598040643050676,-2.070129793886226,1.295873773073758,0.056248608017548773,0.9511540435686447,1.093374457341014,-1.9314491080715535,-0.690124598187917,0.6713828796508957,-1.4890789114430818,-321.1250567828298
246,-1.2086121316103928,-0.17737667104160829,0.861713096219615,0.471358285862703,-0.8271907610363693,0.11799462468444474,0.07878217952634844,1.05123596610628,-0.404420272256625,0.27190159186263657,0.9813365990459325,0.569925686616005,-149.78887058590723
247,-0.06808374121803207,0.5305697633219518,1.3058582911894145,0.05675752491205912,0.5555835090008198,0.5824329055839531,1.3908476424974963,-1.9341809727903334,-1.4844232459242623,-0.5923338152102063,0.7977175322413572,-1.7525982618620155,-89.40452209223724
248,1.350549760039093,1.1745472251707127,0.18127688625768504,-1.6522505863665589,0.32722546769204747,0.8843464742987143,-0.9990919622771769,-2.2873917470607292,-1.4089295320586643,-1.1583630268765843,-0.9552467237254487,-1.8249424557051885,-33.243153073917995
249,-0.799762780555711,-0.7459423914438964,1.6987552975155504,1.2765700850058794,0.9538434521650022,-1.5449199812401986,-0.5384451560998474,0.13320339582434104,-0.47683622524585156,1.0459027117779873,1.4788137026848103,-0.21476093699469162,-99.17913165457838
250,-1.01701433282553,-0.8602374266218408,-0.9384606675500674,-0.42055459129051337,0.9726447509206847,-0.7942271033124763,-0.25571714123802824,0.04837589254979864,0.6115429980079152,1.2141785137292287,-1.018332423257343,-0.44617999010509507,-42.61360784297106
251,-0.5990466874841468,2.246810229127848,0.8666449433429259,-0.7404722500959335,0.09820090824280364,0.1835124992306042,-0.0050915465633151295,-0.672982606613105,0.04651525733874005,-0.3834474863557125,-1.126158513516433,0.48682921184129346,-63.14261976972474
252,-0.16913076218285078,-0.2971650080793063,0.7079138540895432,-0.2810422328307414,1.7539159198636682,-0.4549646158251177,-0.4744346649423499,2.2459950522685825,1.1627488153690482,-0.09121390254042216,-0.4947439325644586,0.08145180826750666,137.02107697118703
253,1.9713305078440853,0.0507039327224858,1.0247653506507173,0.10753217441049268,0.24653101348306528,0.9926930173074452,-2.004559093827738,-0.0684718238557725,-0.14822433842448735,0.8821127872042108,-0.39862706154492583,2.242589715991901,210.287387382539
254,-1.3796095214229558,0.1805563844058887,-1.4508909038756894,-0.3205873815490867,1.4404888418135993,-0.09929282477742635,-0.04627287647574719,-0.8622065191253816,-0.3666798420642747,0.6965794108985651,0.30313762974613534,0.07477683367230607,-107.65868362628318
255,-0.36862136549857993,0.9447863688872928,-1.4412783290915412,0.9197117720668482,-0.1947041633863083,-1.5444543260217034,-1.1970175736178397,-1.0658004479833625,-0.5976965769029836,1.871112479351981,0.3212734305960469,-0.11995767037332715,-139.4338342774566
256,1.4485867560925494,-1.0682537182426457,0.5083110981490523,-0.663565508944081,1.2801297848330042,-0.9282020817735753,-1.612204813777665,-0.5999666612865394,1.4637619426143968,-0.9030619309241198,0.32312022847766425,0.5731680750393738,239.44799135960895
257,1.3281672159225366,1.340274967493284,-1.5487818921957457,-2.3394639160300437,0.4848908340665012,0.7408908367524887,-0.6967603825526755,0.5986960990126639,1.0065960279224182,1.7171334150800583,-0.20537113916059294,0.2331040059834368,168.82890350995473
258,-0.9507035663069389,0.45408186340266166,1.110702927545876,-1.8457663517181366,-0.10991344681507734,0.5245586633304664,1.3990859864133007,-0.3241674193674331,-2.3333774485594123,-0.2867361702039147,0.5857744822224551,0.6381716300032473,-353.4071947906777
259,-0.5502396964492121,-0.4496549296777198,2.318439579537339,0.9844779631119571,0.05088134262445453,-0.8508178822790667,1.5486669228492997,-0.8026565574612957,-0.9060103225900461,-0.5290875702022878,0.05491785989343866,0.10018614274498008,-130.21494716469695
260,1.9175303526778005,-1.4150523731377045,0.2596429327922191,1.5959863642675212,1.9462849307921894,-1.333645688866273,-1.694489363748517,0.3570461071853114,1.0188122503042958,0.3252053293323823,1.0413371665280482,1.5188183149627525,335.22376200264415
261,-2.384864576095518,-0.7689941626824988,0.3614798182635235,-0.7769796869099292,0.7493713401296375,-0.6897824502287818,0.1604557317893922,-0.720570896367031,-0.6025616616203237,-1.4330636054732095,0.943146112313056,-0.9430868910869942,-290.71287411434116
262,0.8663759307859416,0.9428487785686466,-0.0446505212561268,0.27036574761166504,-0.29053222333914036,-1.040559397541195,-0.9821017239106052,-0.4230233762203759,1.6270720773722114,0.5705931235342905,0.30678238294280996,-0.6277662701571847,173.39580135696204
263,0.325563657778329,0.2965540721497344,-1.0909769636220545,-0.4769347758778483,0.14684207976918384,0.8619096292325783,-0.9671945380358744,0.3215157985697151,0.18868773577869963,1.531819920777756,-0.4586900239728265,0.982893686293327,73.4227139699749
264,1.0498261856144984,1.3509524296020963,-0.49160396078647367,0.7007438421367846,-0.7580367872468606,0.7528035876358443,-0.3100996825663558,0.9221892603306018,-0.351820990557691,0.036142159196086175,-1.63715386649502,-0.12238062026767917,86.86184066806146
265,-1.3471293323144167,-2.170294598758519,0.979788194323584,1.6546913622497124,-0.07548395881785958,1.5741576330096134,-0.6160493122984936,2.3998788924128993,-0.1607603423276277,0.6756774358343053,-0.3026747998048462,-0.9280261395379827,13.1432975897053
266,-0.31789765236698,-0.21810665660732123,0.8769742103522876,0.6022713429410319,-0.3607467836597986,0.6595512819330611,0.15843137268970314,-1.2877345072039232,-0.1505947420281045,0.6035959739553202,-0.2659764307238269,-0.08485693512061109,1.508732552201142
267,-1.9596590009372539,1.617922371100103,-0.509205533643255,-0.3597129196329687,0.8501398781101449,-0.9547693292016468,2.5271387595749495,0.26568107745320046,2.075479288817492,-1.314329468854256,1.460453127069065,1.5761921991155536,15.54559724665292
268,-0.8633627520540215,-0.7967436663955954,1.214083965335313,0.5814053713349236,-0.03244858521176186,-0.6721446712010453,0.02068922463042392,-0.01988892209197238,0.43101561002934063,-0.43174688363278174,-0.7092090816296637,2.3963963760536973,-41.83986840754591
269,0.9973960082158728,0.10761773114234009,-0.5836441056171972,0.4830626386260793,-1.1685016548940206,0.0073912566388392486,-1.1171892496598854,0.032724305457910524,0.723615729283874,0.26668855202275915,-0.8146395359145551,0.2599559664711988,120.89101250621033
270,-0.024519200629295888,0.43050759724451276,0.08384164776198519,-1.672205238416172,0.5412645770448312,-0.32437486541228266,0.44870626784676937,-0.602788026759308,-0.46962864482117456,0.030174295245810483,1.182334920160485,2.3092954969299746,-107.78596493234565
271,0.07669865103753448,0.3700214956014424,-0.12541076958224834,0.3692174508164834,0.18336097975675036,0.04196772216210957,-0.09232475425680788,0.2920115340678836,2.4458344769620797,-0.032848814707099154,0.7055355907074511,-0.44611572888511225,266.47568458786407
272,0.9129251141062811,0.8305226290129192,0.7041521003011383,-0.828894750008972,-0.11629415665849378,1.1070871503729576,1.1795110013000834,0.5560395928351648,0.11049789545025786,-1.2583637832950327,0.0654794178626283,-1.8651804538132888,106.12895153151526
273,-0.8511634942989146,1.0358188835072593,-0.6138604836742125,-1.5192830831614113,-0.5014060414783182,-0.6402577922510017,-0.023002707707411453,1.4549244335309222,-0.2186015517390599,2.542053534923131,1.0453064563202816,0.3192685779233132,-207.00074697434428
274,0.5262783752799166,1.2482834744987885,0.5886177377651384,-0.9580972967638227,-0.550225985340882,-1.3125305746616502,0.3132202686347452,0.5605854565106664,0.4423456864111977,-1.7742098040803511,0.10412200226662385,-1.415204323608496,-40.3732722855119
275,0.6615168491383162,-1.7285449686587986,0.8311695900059917,-0.785117123685986,0.10156879957307921,1.2820633784483666,1.5156118375949073,-1.4101742169490887,-1.2231658429251377,0.7773639102684935,1.210345068352628,0.04449274719200368,-22.624722010737596
276,-0.7802030122211909,0.40465412448723,-0.21308685382142728,-0.712378135917063,0.5440881037700487,-0.6027977021355027,0.8276755151357031,0.3562428615072155,-1.9241286124125072,-1.6369100906251326,-1.5380368354185583,-1.6437760962705832,-284.5388989869519
277,1.3894557191451993,0.39355366565256006,-1.9341685529429382,0.8829548504767676,-1.0813014549633675,1.4507749554685372,-0.6544906983522254,0.4075636716559264,0.4044147413276954,-0.7995821919007038,-1.1942254531741876,-0.6139292442868387,216.27623643630363
278,-1.4310853537693633,0.6829071974964802,-1.2886226626186352,-0.21124349025057354,0.09661174137147484,-0.4189183352527463,1.4422566520201745,-1.2687740099241955,-1.7822027269364704,1.472899898771016,-0.6215291796541204,-0.670670314300962,-313.48295678134525
279,0.306923335707873,0.47131726125090834,-1.136355897580624,0.4975667050697652,1.2395423389290419,0.9773389396632829,-0.6846505934356564,0.5374463920303653,-0.16908903508322176,0.11725117269975964,0.6472493916294708,1.107359738470418,130.17549594266276
280,-0.11337430750450296,1.3624893049653153,-0.8871340654179466,-2.8499451691188264,-0.8466979094718359,-2.4312868609224703,1.097051850741908,-1.07001438786822,0.8532428678123904,1.8642146772440762,-0.7012771306421154,-0.19109040423691134,-197.84679909615173
281,-2.078090538563139,1.2143931481722823,0.46385784781431194,-0.7577449628736622,1.894820426350692,0.4102433331415762,0.5202617742932618,-0.18163865594273165,-0.2346605562407672,-2.005367986477103,-1.1935691605424616,-0.2749992836460007,-125.45986590659346
282,-2.4060321924814754,-0.3763721011594901,0.9356762770775027,-2.0120128294616264,-1.1393067272047794,-0.36167521105420286,-0.1656119089927318,0.3795624065265772,1.8692483363625803,-0.7450551417038539,-0.8401474229636055,-0.9771757710266071,-170.58630378270496
283,0.4702410115245632,0.5721884645744595,0.2990266479271825,1.205766223292394,1.6049362993409313,0.7470847676419388,0.2979231785712327,-0.7201720663960827,-0.2884439784260486,0.8470061195810713,-1.4388514008858946,1.4913406690386326,166.42768050260923
284,0.24253170120709758,-1.0741956481428552,-1.5256414564784535,-0.0742680704511335,-0.551990116414758,-0.1624946109985073,0.6230452559750432,-0.23927322444777374,0.8330459390182997,-1.1044143106948152,1.535498780958618,-1.3857837791651708,68.04818223080267
285,-0.09454395292085888,-0.4485481414492491,-0.8271343449308097,1.1302967513458957,-0.3456246496031801,0.21225081091453435,-0.670946781236151,0.4669705187658209,1.9627907793141837,-1.2865812218269337,0.20241288184281941,-0.036523351773808,221.6168719051073
286,-1.61048921585365,-0.313825026609422,1.0517721528044048,0.12070768607437043,-0.5987160718505283,0.6102796596214823,-0.539661427213585,-0.8701046418559573,-0.7219976717448483,0.7948788837779285,-0.9613053149529133,-0.3735765967732951,-194.7152282891684
287,-1.0052278746798218,-0.7450943418457305,-0.7449413169929192,-1.2207146301980376,-0.9832992433896526,0.13187839270070556,1.1767569388468255,1.0107440753872055,-0.05548657554863317,-0.04195992453595574,0.5374073434251283,0.4550586561326819,-171.44999871085977
288,0.9415725795941654,-0.2210370378138511,1.2815029906636084,-0.5336181892654999,-0.3035120433322706,-1.7972797782345253,0.8086821545194761,-1.3064247000593092,-1.157453991307564,0.7904062954663851,1.2776633987127555,-0.12325871252746033,-154.91546400041332
289,0.23772578485510273,0.22822252327383244,1.6712539607430612,-0.7063233534551336,0.676007077711666,-1.824188508271078,-2.1354590091963583,-0.9353220502288786,-0.10522161392165437,1.4754936164473662,-0.1551021703136366,0.12941922637546044,-86.7417662207939
290,-0.33328580856571316,-1.7950751444337545,-0.10347535066294603,1.6467603389556043,-0.08866707316006012,1.0087963894802252,-1.9669829444548683,-1.0848387855868582,-1.336664820146744,0.361176974450346,0.057688271634607845,0.7360980611725779,-47.84422037798982
291,0.3102960283422096,0.6588275860088016,-0.1502256219231451,2.3353595197146664,0.5266514190739461,-0.3330291568858081,0.21149233399816333,-0.32945828784910214,-0.6001404377670346,0.35162031950500644,-1.4834149233943454,-1.6725808046984147,69.9444598096168
292,-0.3045162884697385,-1.029843320078634,0.24298787753949372,0.3608548864213583,1.182106976249336,1.0264841007162016,-0.9424859108830569,-0.2786744217179823,-0.44807827387285126,0.3278819960383369,-0.8698940151961395,0.4692725846371954,44.31343805669852
293,-0.12757837539409211,0.14629880959632216,0.7625172133114377,0.8343165689669183,-0.6475865167944007,0.27455602683962776,-1.0879677417193314,0.6378764148537548,1.4852838643772261,-1.6449464451309987,-0.08848852019441804,-0.726779650450578,149.48649470881847
294,0.056697915734184645,0.5032832045369506,0.788614307290038,-0.24226409643340394,0.806754657323232,-0.0058091660378326825,0.05880705861653217,-0.6203175563915336,-2.056359417494222,0.4884542047416472,-1.166658280948811,0.5360692292364114,-168.47108092910298
295,-0.2562003687309607,1.6647633805790025,0.2524261674453161,0.6307448826481907,0.3043066242216068,0.4267410134221808,-0.6603038574851235,-0.12428070906201032,0.3095124632542161,1.0657243016865368,0.4549119968398894,0.3086130170922352,67.2261352053837
296,1.1233527653808864,0.5226955185284287,-0.8470870912777707,-1.7991159696153067,-0.43583553046899887,-1.0473207294959253,0.5476876689873081,-0.4622317269616691,0.3272120338528716,0.9568127409102876,0.8294185085753175,-1.8611818197040095,-17.525141066450104
297,-1.5234117464643884,2.1419523007499675,-1.3909143436536837,0.36276963382077115,-1.7911981827369572,0.6509322584334041,0.36397549553448544,-0.8541954391000752,0.027747411204714804,1.077532127344254,1.5352464668927148,0.5818217490294026,-152.20806437148264
298,-1.0296968126044714,1.125614301685638,-1.1089578164057732,1.9418351397997533,0.6787437027584672,0.16212926932198643,1.0857296430548469,-0.052043849070526234,-1.2075789462756674,-1.37868023003922,-1.2368633970439988,-2.2335669847991673,-84.26589860237591
299,-1.2428344332559542,-0.1721903929038207,1.8983407324580617,0.8491196788330546,-0.1631597414833504,0.004448608360553954,0.2579824411754116,-0.5356838466443593,1.2724139160523593,1.0446488461789794,1.2981943993633487,0.4441429509293205,45.56204701317023
